{"earn": 0.3507521773555028, "acq": 0.21536025336500395, "money-fx": 0.07046714172604909, "crude": 0.05577549045482537, "grain": 0.055247646696577814, "trade": 0.0485616257587754, "interest": 0.04513064133016627, "wheat": 0.026920031670625493, "ship": 0.026832057710917567, "corn": 0.022345385765813318}